country,year,gini,Atkinson_Coefficient_(epsilon=0.5),Percentile_Ratio_(90/10),Relative_Poverty_Rates_Total_Population_60%,Children_Poverty_Rates_Two_Parent_Families_50%,Children_Poverty_Rates_Single_Mother_Families_50%,%_Children_Living_in_Single_Mother_Families,Median_Equivalized_Income,Mean_Equivalized_Income,Alpha-3 code
Australia,2018,0.329,0.094,4.282,20.129,8.767,36.049,14.715,53085.342,62167.117,AUS
Australia,2016,0.326,0.091,4.248,19.854,8.802,32.607,13.211,50521.209,59412.352,AUS
Australia,2014,0.329,0.094,4.268,20.036,7.815,29.926,14.214,49800.705,58480.935,AUS
Australia,2010,0.333,0.094,4.529,21.259,9.564,37.517,16.326,41951.257,49520.418,AUS
Australia,2008,0.335,0.096,4.501,21.2,7.922,36.909,15.731,40316.602,47253.08,AUS
Australia,2004,0.316,0.084,4.162,21.116,6.92,35.635,16.171,28860.14,32953.112,AUS
Australia,2003,0.316,0.085,4.286,20.578,9.228,34.443,15.906,25481.118,29303.787,AUS
Australia,2001,0.32,0.087,4.287,21.762,9.844,35.158,17.754,23815.022,27190.728,AUS
Australia,1995,0.311,0.083,4.079,20.698,9.839,33.945,13.177,18463.662,21010.167,AUS
Australia,1989,0.304,0.078,4.166,19.074,9.286,55.076,11.712,16561.535,18761.391,AUS
Australia,1985,0.293,0.072,3.972,19.785,9.348,61.614,8.419,12023.297,13328.234,AUS
Australia,1981,0.282,0.067,3.939,18.38,,,,8873.881,9795.617,AUS
Austria,2019,0.274,0.065,3.601,15.37,11.383,27.424,8.078,29570.148,32760.906,AUT
Austria,2018,0.28,0.07,3.426,14.285,7.337,20.633,9.646,28379.603,31864.302,AUT
Austria,2017,0.277,0.065,3.503,15.174,9.501,28.577,9.242,27937.395,31062.697,AUT
Austria,2016,0.285,0.072,3.534,14.994,9.872,26.031,11.731,27655.228,30853.444,AUT
Austria,2015,0.276,0.068,3.321,14.53,8.052,21.233,12.303,26262.23,29060.28,AUT
Austria,2014,0.275,0.066,3.379,14.439,8.601,24.644,12.606,26109.359,28948.569,AUT
Austria,2013,0.28,0.068,3.415,14.14,7.03,26.863,15.376,25643.011,29070.302,AUT
Austria,2012,0.277,0.066,3.458,15.11,8.006,24.995,13.763,24892.658,27430.405,AUT
Austria,2011,0.282,0.069,3.489,15.35,6.819,22.198,12.23,24526.976,27540.357,AUT
Austria,2010,0.28,0.066,3.475,15.234,7.741,26.617,13.01,24034.175,27005.057,AUT
Austria,2009,0.289,0.073,3.672,15.727,8.811,26.881,11.974,23765.854,26690.025,AUT
Austria,2008,0.28,0.068,3.439,15.423,7.578,23.03,12.055,23110.905,25699.882,AUT
Austria,2007,0.284,0.068,3.616,15.905,7.485,25.765,12.104,21915.053,24572.942,AUT
Austria,2006,0.268,0.061,3.254,13.462,6.047,28.94,13.868,20455.378,22879.84,AUT
Austria,2005,0.26,0.057,3.185,13.918,6.244,22.627,12.238,20050.518,22135.124,AUT
Austria,2004,0.268,0.061,3.224,13.337,5.26,18.409,10.96,20251.559,22645.362,AUT
Austria,2003,0.265,0.06,3.216,13.996,6.683,20.179,12.775,19245.689,21152.053,AUT
Austria,2000,0.254,0.054,3.146,13.72,6.239,18.091,11.662,17125.25,18649.409,AUT
Austria,1999,0.262,0.058,3.169,13.128,3.903,17.124,11.246,16951.78,18857.205,AUT
Austria,1998,0.275,0.066,3.316,13.922,6.046,16.015,10.957,16308.503,18150.341,AUT
Austria,1997,0.255,0.055,3.296,14.79,8.409,28.458,12.017,16073.957,17361.097,AUT
Austria,1996,0.258,0.055,3.236,14.739,7.567,25.032,12.264,15950.621,17223.424,AUT
Austria,1995,0.266,0.061,3.317,14.802,7.425,26.8,10.779,15966.635,17661.444,AUT
Austria,1994,0.278,0.065,3.511,14.996,7.979,32.879,9.606,15854.905,17767.523,AUT
Austria,1987,,,,,,,,,,AUT
Belgium,2017,0.26,0.057,3.35,18.385,8.878,37.254,14.334,26472.078,28153.367,BEL
Belgium,2016,0.265,0.059,3.324,17.799,7.187,36.521,15.734,25449.431,27303.666,BEL
Belgium,2015,0.266,0.059,3.371,17.928,6.478,38.041,14.057,25170.43,27105.916,BEL
Belgium,2014,0.262,0.057,3.333,16.948,7.408,31.62,14.587,24335.694,26310.539,BEL
Belgium,2013,0.264,0.058,3.384,17.58,8.748,31.063,15.274,24302.998,26227.672,BEL
Belgium,2012,0.266,0.06,3.361,17.974,7.655,33.08,14.927,24383.907,26234.524,BEL
Belgium,2011,0.268,0.062,3.343,17.85,8.058,28.82,14.537,22796.47,24536.712,BEL
Belgium,2010,0.263,0.059,3.387,17.72,8.781,37.899,15.534,22582.037,24179.326,BEL
Belgium,2009,0.267,0.06,3.404,17.626,8.565,35.595,15.52,22072.528,23813.222,BEL
Belgium,2008,0.262,0.058,3.338,17.107,7.635,34.813,14.062,21854.346,23594.205,BEL
Belgium,2007,0.275,0.067,3.309,16.736,5.231,38.431,13.829,20508.326,22500.679,BEL
Belgium,2006,0.272,0.064,3.418,17.074,6.921,33.535,14.132,19945.72,21660.614,BEL
Belgium,2005,0.27,0.063,3.371,15.836,6.216,27.016,14.093,19014.473,20857.133,BEL
Belgium,2004,0.271,0.063,3.277,15.975,6.672,26.863,13.741,18168.008,20091.552,BEL
Belgium,2003,0.261,0.058,3.352,15.895,7.62,29.495,14.473,17288.974,18608.249,BEL
Belgium,2000,0.289,0.077,3.316,16.165,5.175,26.55,10.307,16641.038,18712.084,BEL
Belgium,1997,0.251,0.053,3.201,14.553,7.205,10.094,8.874,14803.609,15987.784,BEL
Belgium,1995,0.268,0.063,3.262,16.1,7.033,18.549,9.397,14573.103,15800.93,BEL
Belgium,1992,0.228,0.045,2.788,10.557,3.383,13.792,8.532,11898.889,12687.999,BEL
Belgium,1988,0.235,0.047,2.782,11.656,3.198,8.939,4.907,9935.133,10679.132,BEL
Belgium,1985,0.228,0.043,2.74,10.495,2.483,18.062,5.414,9156.359,9784.898,BEL
Brazil,2016,0.482,0.199,9.672,27.414,31.05,45.008,20.889,15611.551,22602.425,BRA
Brazil,2013,0.46,0.176,7.923,24.884,26.954,40.624,19.908,13443.837,19502.094,BRA
Brazil,2011,0.469,0.183,8.385,25.415,27.862,40.387,18.779,10740.0,15861.459,BRA
Brazil,2009,0.477,0.188,8.476,26.067,28.245,40.573,19.602,8835.0,13438.99,BRA
Brazil,2006,0.505,0.211,10.052,26.75,29.676,36.332,18.466,6559.729,10535.517,BRA
Canada,2018,0.306,0.079,4.075,18.772,8.958,36.764,10.889,46150.101,52377.472,CAN
Canada,2017,0.313,0.083,4.167,19.462,9.153,33.286,10.741,44641.292,50946.185,CAN
Canada,2016,0.308,0.08,4.111,19.478,9.621,42.577,12.1,42796.916,48495.82,CAN
Canada,2015,0.32,0.086,4.413,20.909,12.166,38.569,10.67,42505.449,48258.832,CAN
Canada,2014,0.312,0.083,4.217,19.416,10.605,43.078,11.589,41274.282,47312.589,CAN
Canada,2013,0.321,0.086,4.544,20.974,13.66,43.991,12.399,40253.293,46131.656,CAN
Canada,2012,0.317,0.085,4.388,20.517,12.785,42.238,11.41,39445.965,44805.683,CAN
Canada,2011,0.313,0.082,4.184,19.441,10.222,38.887,13.343,38266.968,43705.515,CAN
Canada,2010,0.318,0.086,4.189,20.19,10.563,37.432,13.416,36712.222,42047.777,CAN
Canada,2009,0.321,0.087,4.283,20.024,11.194,35.248,14.584,35560.411,41081.949,CAN
Canada,2008,0.322,0.089,4.259,20.005,11.025,39.241,14.719,35399.192,40902.499,CAN
Canada,2007,0.316,0.085,4.165,18.982,10.278,43.043,14.631,34002.579,39235.726,CAN
Canada,2006,0.318,0.086,4.252,19.443,10.357,41.48,14.627,32007.291,36949.162,CAN
Canada,2005,0.318,0.086,4.274,20.067,10.743,45.444,14.801,31055.293,35470.316,CAN
Canada,2004,0.32,0.087,4.368,19.93,11.312,48.476,14.273,29430.052,33927.792,CAN
Canada,2003,0.318,0.086,4.254,20.287,10.536,47.888,14.28,28524.269,32567.776,CAN
Canada,2002,0.317,0.085,4.278,19.623,10.139,48.58,14.286,27765.0,31797.761,CAN
Canada,2001,0.318,0.087,4.192,18.994,11.212,41.771,13.983,26867.8,30959.95,CAN
Canada,2000,0.318,0.087,4.163,18.729,11.254,42.63,13.578,25222.499,29156.534,CAN
Canada,1999,0.31,0.083,4.102,18.87,9.997,43.025,14.163,24147.675,27534.827,CAN
Canada,1998,0.312,0.084,4.128,18.971,9.969,48.545,14.558,23234.571,26400.718,CAN
Canada,1997,0.308,0.081,4.182,18.868,9.871,51.734,13.968,22251.643,25210.644,CAN
Canada,1996,0.303,0.078,4.123,19.089,10.564,50.924,13.93,21730.351,24419.755,CAN
Canada,1994,0.285,0.068,3.9,17.642,10.053,46.77,14.097,22352.312,24737.231,CAN
Canada,1991,0.282,0.067,3.79,16.695,8.544,47.719,12.87,21569.981,23870.642,CAN
Canada,1987,0.283,0.067,3.897,17.52,9.781,51.278,9.547,17975.0,19752.174,CAN
Canada,1981,0.286,0.069,4.073,19.108,,,,12658.373,13797.47,CAN
Canada,1975,0.293,0.075,4.357,19.956,10.441,56.01,8.471,6831.764,7382.241,CAN
Canada,1971,0.323,0.094,5.005,22.72,,,,3910.0,4280.985,CAN
Chile,2017,0.459,0.176,6.966,23.332,15.221,32.585,28.119,4451130.16,6637897.829,CHL
Chile,2015,0.453,0.171,6.767,22.919,15.453,32.492,27.073,3989039.866,5899278.407,CHL
Chile,2013,0.46,0.177,7.092,22.963,16.208,32.608,27.021,3401680.257,5087673.828,CHL
Chile,2011,0.467,0.182,7.311,23.991,18.582,35.464,26.148,2747798.825,4140913.61,CHL
Chile,2009,0.478,0.192,7.549,24.055,17.9,33.572,22.012,2446977.533,3772904.838,CHL
Chile,2006,0.476,0.189,8.137,25.477,20.777,34.82,18.057,2064756.0,3125469.936,CHL
Chile,2003,0.503,0.212,8.99,26.315,22.881,34.367,15.908,1653239.233,2647248.203,CHL
Chile,2000,0.526,0.233,9.556,26.561,23.748,34.203,14.792,1479720.0,2484708.298,CHL
Chile,1998,0.51,0.217,9.579,27.11,24.814,33.199,15.25,1351568.753,2192213.274,CHL
Chile,1996,0.504,0.211,9.29,26.701,24.205,34.64,12.561,1145571.109,1853012.692,CHL
Chile,1994,0.506,0.214,10.057,27.399,25.203,34.487,14.161,887629.732,1419896.765,CHL
Chile,1992,0.508,0.218,8.35,25.618,22.793,31.529,14.054,618251.737,1016060.207,CHL
Chile,1990,0.507,0.217,8.944,26.563,24.239,33.502,13.806,373200.0,603714.348,CHL
China,2018,0.413,0.143,7.84,27.204,21.508,24.724,3.678,39994.279,50972.843,CHN
China,2013,0.399,0.132,7.039,26.94,20.226,27.376,2.913,26080.073,32812.787,CHN
China,2002,0.415,0.139,6.985,25.407,21.535,17.373,1.499,6752.009,9209.469,CHN
Colombia,2020,0.503,0.217,12.042,28.301,24.776,38.017,26.294,8106757.039,12400000.0,COL
Colombia,2019,0.48,0.195,10.276,27.404,25.349,36.042,26.431,9085495.681,13300000.0,COL
Colombia,2018,0.465,0.183,9.14,27.088,24.827,34.174,25.937,9030692.543,12900000.0,COL
Colombia,2017,0.461,0.179,8.94,26.892,24.336,34.118,25.863,8721593.902,12300000.0,COL
Colombia,2016,0.47,0.187,9.397,27.605,25.25,34.443,26.024,8355941.54,12000000.0,COL
Colombia,2015,0.473,0.188,9.666,27.516,25.757,34.89,25.904,7803946.78,11300000.0,COL
Colombia,2014,0.489,0.201,10.555,28.332,26.536,36.596,25.704,7303680.0,10900000.0,COL
Colombia,2013,0.491,0.203,10.874,28.164,26.008,36.683,25.335,6808063.401,10200000.0,COL
Colombia,2012,0.491,0.202,10.84,28.512,26.191,36.11,25.084,6383765.139,9599314.143,COL
Colombia,2011,0.5,0.21,10.719,28.089,25.603,35.211,24.382,5947746.952,9254781.884,COL
Colombia,2010,0.511,0.219,11.45,27.88,25.3,34.788,24.276,5319565.294,8545710.931,COL
Colombia,2009,0.51,0.22,11.513,28.029,26.437,35.879,23.315,4902590.595,7798170.516,COL
Colombia,2008,0.526,0.235,13.218,29.145,27.554,36.999,23.103,4594987.089,7475497.265,COL
Colombia,2007,0.54,0.25,14.697,29.749,27.664,36.945,22.565,4122746.816,6917016.012,COL
Colombia,2006,0.502,0.211,10.559,27.787,26.436,32.623,21.085,3706797.966,5801915.727,COL
Colombia,2005,0.513,0.221,11.095,27.168,25.881,31.133,20.156,3495120.0,5616844.612,COL
Colombia,2004,0.513,0.222,11.901,27.412,25.603,32.946,19.555,3086357.076,4943905.748,COL
Colombia,2003,0.504,0.215,11.799,27.391,25.257,32.867,19.218,2952877.918,4592524.553,COL
Colombia,2002,0.526,0.235,13.763,27.875,26.347,30.648,18.519,2632717.228,4314105.334,COL
Colombia,2001,0.509,0.22,12.348,27.278,25.194,28.791,18.171,2568480.0,4024634.819,COL
Côte d'Ivoire,2015,0.579,0.295,19.109,31.209,23.815,39.482,19.097,506246.947,906861.651,CIV
Côte d'Ivoire,2008,0.538,0.253,11.675,28.477,23.797,29.027,13.206,453868.237,762236.169,CIV
Côte d'Ivoire,2002,0.566,0.279,15.759,30.312,23.904,35.348,13.608,354057.941,623884.945,CIV
Czech Republic,2016,0.254,0.054,3.015,11.215,6.384,30.095,11.583,260361.199,290011.514,CZE
Czech Republic,2013,0.259,0.057,3.041,11.348,7.389,32.176,12.213,228171.9,257817.841,CZE
Czech Republic,2010,0.256,0.055,3.051,11.349,7.557,33.912,11.281,219942.718,245766.431,CZE
Czech Republic,2007,0.252,0.054,2.972,10.834,4.921,34.745,12.13,195382.456,218021.011,CZE
Czech Republic,2004,0.267,0.06,3.204,11.515,6.815,34.256,12.584,151462.03,174320.62,CZE
Czech Republic,2002,0.256,0.054,2.988,9.798,3.914,23.727,15.358,136222.671,155245.785,CZE
Czech Republic,1996,0.257,0.056,2.976,10.518,3.266,38.097,9.999,94600.0,107124.153,CZE
Czech Republic,1992,0.205,0.037,2.36,6.822,1.113,13.231,9.188,51384.174,55468.083,CZE
Denmark,2016,0.257,0.059,2.971,12.795,2.879,8.365,16.732,246748.96,270063.449,DNK
Denmark,2013,0.251,0.056,2.882,12.401,2.346,7.938,16.847,236620.308,257583.749,DNK
Denmark,2010,0.251,0.057,2.897,13.506,3.072,10.778,16.898,230666.481,247974.96,DNK
Denmark,2007,0.241,0.053,2.835,13.83,3.3,10.682,15.447,212569.026,225049.637,DNK
Denmark,2004,0.23,0.046,2.782,13.238,2.908,7.897,15.774,192846.838,202850.425,DNK
Denmark,2000,0.226,0.044,2.753,13.079,1.945,6.103,14.324,169639.773,178266.552,DNK
Denmark,1995,0.22,0.042,2.675,12.05,2.066,5.526,15.027,143075.916,149665.608,DNK
Denmark,1992,0.241,0.054,2.879,14.858,3.375,16.133,14.722,126828.8,132447.167,DNK
Denmark,1987,0.257,0.06,3.246,17.572,4.029,9.517,12.288,111350.303,116403.587,DNK
Dominican Republic,2007,0.515,0.223,10.945,27.081,22.33,32.052,26.33,71252.07,114846.038,DOM
Egypt,2012,0.505,0.222,8.855,25.274,20.521,32.384,11.625,7136.046,11197.474,EGY
Estonia,2016,0.314,0.081,4.714,22.354,8.113,21.281,13.901,10724.936,12035.554,EST
Estonia,2013,0.354,0.104,5.183,22.924,11.036,29.09,15.433,8074.768,9748.173,EST
Estonia,2010,0.32,0.085,4.383,19.172,9.43,30.15,15.71,6326.306,7363.855,EST
Estonia,2007,0.313,0.081,4.435,20.656,5.78,29.944,18.749,6297.329,7194.715,EST
Estonia,2004,0.349,0.102,4.798,20.518,9.897,33.21,22.974,3515.78,4258.955,EST
Estonia,2000,0.364,0.111,5.022,19.999,10.495,24.889,18.858,2323.771,2925.955,EST
Finland,2016,0.258,0.057,3.036,12.633,1.645,13.276,11.292,26209.02,29227.961,FIN
Finland,2013,0.261,0.058,3.148,14.012,2.243,15.28,11.719,25890.697,28604.135,FIN
Finland,2010,0.263,0.06,3.174,14.999,2.477,11.747,10.4,24046.221,26529.38,FIN
Finland,2007,0.267,0.062,3.21,15.434,3.07,17.46,11.322,22296.713,24625.523,FIN
Finland,2004,0.262,0.061,3.1,13.686,2.495,12.872,12.821,19438.989,21538.198,FIN
Finland,2000,0.254,0.056,2.933,12.712,2.064,9.0,12.803,16357.967,17993.117,FIN
Finland,1995,0.217,0.041,2.576,9.146,1.462,4.911,11.047,13637.316,14637.58,FIN
Finland,1991,0.209,0.037,2.615,10.694,1.671,9.889,10.479,14218.718,14942.482,FIN
Finland,1987,0.207,0.036,2.566,10.707,1.813,13.327,10.224,10463.946,10881.737,FIN
France,2018,0.303,0.08,3.652,16.04,7.633,31.874,17.061,23290.0,26881.689,FRA
France,2017,0.297,0.077,3.571,15.274,7.292,32.032,16.227,22930.0,26340.939,FRA
France,2016,0.296,0.076,3.578,15.299,7.212,34.455,15.59,22590.0,25895.941,FRA
France,2015,0.299,0.078,3.602,15.243,7.536,33.488,15.475,22316.184,25813.389,FRA
France,2014,0.298,0.078,3.587,15.011,7.04,37.512,15.582,22174.882,25575.78,FRA
France,2013,0.299,0.077,3.602,15.127,7.809,32.636,15.215,22049.536,25518.726,FRA
France,2012,0.312,0.086,3.71,15.421,7.73,34.737,14.374,21771.879,25524.799,FRA
France,2011,0.313,0.086,3.73,15.633,7.141,34.243,14.535,21545.544,25371.222,FRA
France,2010,0.307,0.083,3.688,15.463,7.018,34.567,15.279,21228.343,24764.62,FRA
France,2009,0.3,0.079,3.619,14.961,6.739,32.371,14.061,20974.318,24234.927,FRA
France,2008,0.299,0.078,3.575,14.632,6.049,31.068,14.486,20878.108,24231.375,FRA
France,2007,0.297,0.077,3.552,14.353,6.045,31.189,13.686,19955.419,23092.217,FRA
France,2006,0.297,0.076,3.549,14.652,6.161,33.817,13.536,19405.212,22418.634,FRA
France,2005,0.295,0.075,3.529,14.216,6.457,32.244,12.548,18726.474,21618.659,FRA
France,2004,0.289,0.071,3.456,14.014,6.638,25.669,12.351,18250.0,21027.533,FRA
France,2003,0.288,0.07,3.526,14.257,6.906,29.207,12.67,17902.559,20598.205,FRA
France,2002,0.289,0.07,3.542,14.191,6.276,28.555,12.032,17599.888,20329.134,FRA
France,2001,0.292,0.072,3.592,14.637,7.186,28.453,11.6,16750.0,19374.01,FRA
France,2000,0.294,0.072,3.639,14.9,7.07,29.727,11.527,16112.545,18651.721,FRA
France,1999,0.291,0.071,3.584,14.782,6.961,28.36,11.115,15586.621,17944.292,FRA
France,1998,0.282,0.066,3.507,14.455,7.295,24.391,10.533,15323.444,17447.735,FRA
France,1997,0.285,0.068,3.583,15.025,7.763,25.247,10.539,14848.848,16912.432,FRA
France,1996,0.285,0.068,3.607,15.166,7.606,22.752,9.993,14653.663,16633.633,FRA
France,1994,,,,,,,,,,FRA
France,1990,0.289,0.071,3.428,13.887,5.609,28.329,9.308,12295.022,14212.208,FRA
France,1989,,,,,,,,,,FRA
France,1984,0.299,0.077,3.521,13.483,6.664,16.995,6.468,9351.786,10914.608,FRA
France,1979,0.301,0.078,3.5,14.616,6.409,20.231,6.126,5301.11,6191.827,FRA
France,1978,,,,,,,,,,FRA
France,1975,0.323,0.09,3.997,16.258,6.433,19.803,5.028,3222.209,3860.78,FRA
France,1970,0.34,0.096,4.725,18.192,7.858,17.817,4.683,1681.171,2058.386,FRA
Georgia,2019,0.379,0.119,5.998,24.143,20.811,24.864,27.419,5400.0,6682.028,GEO
Georgia,2018,0.37,0.113,5.956,24.675,20.779,25.896,26.152,4869.044,6006.83,GEO
Georgia,2017,0.409,0.14,7.543,25.201,22.798,26.644,24.201,4628.443,5970.13,GEO
Georgia,2016,0.391,0.124,6.558,23.618,18.661,22.642,21.174,4518.192,5876.861,GEO
Georgia,2015,0.39,0.125,6.065,23.485,20.633,21.628,23.669,4328.899,5544.376,GEO
Georgia,2014,0.391,0.125,6.655,22.592,20.237,23.323,25.66,4028.808,5241.675,GEO
Georgia,2013,0.402,0.13,6.41,23.992,17.358,23.044,24.494,3535.73,4726.75,GEO
Georgia,2012,0.411,0.138,6.568,25.088,20.906,24.685,24.167,3060.811,4083.437,GEO
Georgia,2011,0.455,0.174,7.918,25.665,21.752,29.542,26.085,2570.0,3731.27,GEO
Georgia,2010,0.453,0.171,8.734,27.191,25.024,23.937,26.588,2345.639,3324.782,GEO
Georgia,2009,0.466,0.182,9.796,26.281,25.389,29.355,26.238,2001.347,2959.235,GEO
Germany,2019,0.296,0.077,3.698,17.243,7.674,34.123,14.403,25966.959,29154.872,DEU
Germany,2018,0.298,0.078,3.669,16.464,6.928,33.306,15.255,24768.0,28191.062,DEU
Germany,2017,0.296,0.078,3.828,17.198,7.287,32.842,14.882,23683.924,26454.894,DEU
Germany,2016,0.295,0.075,3.723,16.18,6.766,34.69,15.013,22943.334,26116.241,DEU
Germany,2015,0.293,0.074,3.659,16.216,5.9,32.314,15.709,22301.715,25467.583,DEU
Germany,2014,0.289,0.07,3.694,15.895,5.824,30.965,16.978,21594.981,24504.038,DEU
Germany,2013,0.294,0.074,3.57,15.255,5.137,32.746,16.679,21111.971,24401.588,DEU
Germany,2012,0.29,0.071,3.621,15.337,4.782,31.12,16.487,20838.83,23849.79,DEU
Germany,2011,0.288,0.07,3.485,14.888,4.512,28.583,15.434,20500.128,23492.185,DEU
Germany,2010,0.287,0.07,3.59,16.154,5.072,29.222,15.611,20351.773,22964.294,DEU
Germany,2009,0.284,0.068,3.564,15.803,5.525,34.314,15.545,19976.192,22473.369,DEU
Germany,2008,0.287,0.071,3.517,14.686,4.387,34.769,14.667,19490.941,22367.999,DEU
Germany,2007,0.287,0.07,3.443,14.544,4.054,32.448,15.47,19182.463,21903.641,DEU
Germany,2006,0.286,0.069,3.551,14.743,3.923,34.503,15.589,18544.129,21280.366,DEU
Germany,2005,0.288,0.071,3.525,15.002,5.146,38.466,16.087,18259.26,20739.203,DEU
Germany,2004,0.27,0.062,3.355,14.215,4.338,38.738,16.227,18295.481,20465.286,DEU
Germany,2003,0.268,0.062,3.268,14.0,4.868,35.279,14.168,18015.77,19970.524,DEU
Germany,2002,0.27,0.062,3.291,14.002,4.239,39.271,14.2,17925.864,20056.718,DEU
Germany,2001,0.27,0.062,3.27,12.979,4.278,34.414,13.442,17268.136,19475.875,DEU
Germany,2000,0.259,0.057,3.186,12.504,4.523,33.066,12.224,17247.591,19167.547,DEU
Germany,1999,0.261,0.057,3.203,12.193,4.005,37.602,11.597,16633.98,18630.324,DEU
Germany,1998,0.251,0.053,3.063,11.214,3.129,32.917,12.083,16186.44,18044.025,DEU
Germany,1997,0.251,0.053,3.092,11.631,4.611,30.053,11.545,15659.709,17379.311,DEU
Germany,1996,0.251,0.053,3.074,11.479,3.654,36.492,10.713,15655.223,17300.769,DEU
Germany,1995,0.256,0.056,3.15,12.345,4.662,40.864,9.704,15236.672,16879.085,DEU
Germany,1994,0.262,0.058,3.281,13.102,5.669,41.507,9.681,14946.631,16517.021,DEU
Germany,1993,0.256,0.055,3.17,12.356,3.837,31.738,9.334,14818.554,16484.121,DEU
Germany,1992,0.263,0.057,3.261,13.75,3.739,35.159,9.621,14281.659,15808.158,DEU
Germany,1991,0.268,0.06,3.394,14.45,3.994,37.137,9.623,13338.687,14879.422,DEU
Germany,1990,0.258,0.056,3.139,12.535,3.454,34.074,8.632,13861.899,15429.53,DEU
Germany,1989,0.256,0.057,2.995,11.948,2.359,21.359,8.632,12922.348,14354.432,DEU
Germany,1988,0.254,0.056,3.043,12.687,3.174,39.687,9.205,12504.464,13764.094,DEU
Germany,1987,0.251,0.054,3.011,12.156,3.775,35.259,9.388,11892.799,13036.113,DEU
Germany,1986,0.246,0.051,2.996,12.234,3.529,37.679,8.967,11608.651,12643.815,DEU
Germany,1985,0.251,0.054,3.065,13.246,3.995,41.239,9.052,11081.67,12044.912,DEU
Germany,1984,0.255,0.056,3.11,13.66,4.732,41.624,8.36,10853.027,11815.126,DEU
Germany,1983,0.26,0.056,3.112,11.692,,,,12680.038,14293.475,DEU
Germany,1981,,,,,,,,,,DEU
Germany,1978,0.263,0.059,3.073,11.346,,,,9998.312,11278.309,DEU
Germany,1973,0.271,0.063,3.228,12.302,,,,6938.085,7851.925,DEU
Greece,2016,0.323,0.09,4.375,18.984,15.756,26.136,5.876,9123.766,10548.272,GRC
Greece,2013,0.335,0.095,4.775,20.152,17.003,37.23,5.517,9000.95,10543.574,GRC
Greece,2010,0.327,0.092,4.437,21.277,16.938,39.112,3.681,12861.672,14645.568,GRC
Greece,2007,0.322,0.089,4.176,19.329,14.74,23.888,3.662,12756.779,14692.428,GRC
Greece,2004,0.329,0.091,4.42,19.761,11.378,32.25,6.084,10889.359,12886.948,GRC
Greece,2000,0.335,0.094,4.822,21.298,11.474,32.47,4.573,7856.151,9275.338,GRC
Greece,1995,0.355,0.109,5.543,21.866,13.281,25.444,4.612,5512.293,6516.334,GRC
Guatemala,2014,0.411,0.147,5.42,22.24,16.354,17.436,15.716,17605.915,23855.559,GTM
Guatemala,2011,0.518,0.231,10.599,29.318,26.905,30.329,15.978,13805.23,22004.296,GTM
Guatemala,2006,0.489,0.199,9.109,29.123,23.862,37.126,18.239,14007.165,21407.375,GTM
Hungary,2015,0.268,0.06,3.228,13.09,6.376,25.397,14.79,1884804.56,2139113.46,HUN
Hungary,2012,0.288,0.07,3.711,16.589,16.039,27.747,11.678,1489757.523,1671434.445,HUN
Hungary,2009,0.271,0.061,3.396,13.753,8.292,17.125,14.869,1293004.386,1473861.5,HUN
Hungary,2007,0.27,0.063,3.067,12.081,6.267,11.887,12.247,1237639.927,1401892.205,HUN
Hungary,2005,0.288,0.071,3.27,11.68,6.005,18.529,7.864,1086116.016,1270568.668,HUN
Hungary,1999,0.29,0.07,3.415,13.804,7.445,12.391,7.047,573420.151,662898.897,HUN
Hungary,1994,0.327,0.09,4.193,16.041,10.481,16.675,9.894,258964.723,311208.843,HUN
Hungary,1991,0.294,0.076,3.583,16.091,7.027,15.882,11.7,179915.0,201969.239,HUN
Iceland,2010,0.245,0.054,2.776,11.474,3.394,24.756,15.96,3563819.521,3889334.586,ISL
Iceland,2007,0.28,0.07,3.113,11.843,3.205,26.81,13.418,3217624.6,3707186.165,ISL
Iceland,2004,0.256,0.059,2.875,11.198,3.983,15.78,13.569,2324167.23,2591641.012,ISL
India,2011,0.501,0.211,9.897,26.663,23.432,25.035,11.788,35329.801,56800.005,IND
India,2004,0.49,0.2,9.422,26.537,21.669,33.517,7.068,14591.266,23070.248,IND
Ireland,2018,0.289,0.071,3.501,14.441,3.457,27.589,18.451,28872.116,33524.23,IRL
Ireland,2017,0.294,0.075,3.573,17.202,4.499,27.886,18.763,28415.219,32267.76,IRL
Ireland,2016,0.309,0.081,3.821,17.168,4.539,30.498,18.508,25869.741,30360.799,IRL
Ireland,2015,0.298,0.076,3.662,18.452,6.461,35.236,16.631,25546.539,28816.514,IRL
Ireland,2014,0.297,0.074,3.744,17.378,5.275,29.611,15.26,24347.177,27757.374,IRL
Ireland,2013,0.31,0.081,3.907,17.205,6.729,28.183,15.897,22933.16,26609.997,IRL
Ireland,2012,0.308,0.079,3.895,17.137,5.699,27.127,17.923,22478.925,26016.037,IRL
Ireland,2011,0.305,0.079,3.905,17.495,7.137,24.685,18.724,21873.809,25386.085,IRL
Ireland,2010,0.298,0.075,3.747,15.761,6.641,24.917,19.762,22340.879,25649.555,IRL
Ireland,2009,0.311,0.082,3.861,16.097,5.588,23.754,22.57,22855.079,26946.359,IRL
Ireland,2008,0.295,0.072,3.735,16.976,5.949,29.882,21.555,25218.246,28903.81,IRL
Ireland,2007,0.303,0.078,3.787,18.85,6.12,30.93,19.746,26679.395,30548.253,IRL
Ireland,2006,0.316,0.084,3.985,19.922,6.754,36.679,19.695,25704.302,29919.226,IRL
Ireland,2005,0.323,0.09,4.068,19.924,8.381,40.331,17.875,23010.441,27077.99,IRL
Ireland,2004,0.324,0.09,4.174,21.808,10.037,38.537,19.168,21515.526,25107.316,IRL
Ireland,2003,0.324,0.089,4.257,22.986,9.193,46.011,15.612,20935.247,24022.353,IRL
Ireland,2002,0.307,0.079,4.259,21.725,10.187,39.79,15.637,19826.73,22218.924,IRL
Ireland,2000,0.314,0.083,4.469,22.52,11.011,46.76,13.442,16363.254,18397.185,IRL
Ireland,1996,0.331,0.091,4.329,21.889,11.067,43.37,10.28,11165.601,13282.554,IRL
Ireland,1995,0.343,0.098,4.412,20.926,11.573,48.653,10.365,10307.388,12500.974,IRL
Ireland,1994,0.337,0.094,4.342,20.435,10.204,53.695,8.983,9680.55,11786.023,IRL
Ireland,1987,0.329,0.092,4.226,19.985,,,0.0,6009.606,7174.34,IRL
Israel,2018,0.342,0.097,5.407,24.053,21.201,40.295,7.682,102086.654,117402.256,ISR
Israel,2017,0.343,0.098,5.785,24.242,23.124,35.971,7.323,98220.0,112900.966,ISR
Israel,2015,0.358,0.107,6.054,25.531,25.194,32.65,6.139,91328.876,106058.689,ISR
Israel,2016,0.347,0.098,5.743,25.147,23.417,37.709,7.16,92755.111,107018.606,ISR
Israel,2014,0.361,0.108,6.106,25.342,24.271,33.913,6.803,87516.048,103272.716,ISR
Israel,2012,0.375,0.116,6.356,26.281,25.537,38.825,8.008,79203.657,95571.566,ISR
Israel,2013,0.364,0.111,5.967,25.571,22.706,35.361,7.283,85636.807,101917.975,ISR
Israel,2011,0.369,0.111,6.133,27.155,25.663,35.328,7.75,73799.692,89311.435,ISR
Israel,2010,0.383,0.123,6.091,27.998,25.417,38.229,8.278,70828.253,86745.444,ISR
Israel,2009,0.385,0.124,6.334,27.185,25.716,37.997,6.976,66618.756,82374.692,ISR
Israel,2008,0.377,0.116,6.058,25.664,23.606,34.582,7.851,65065.25,79771.315,ISR
Israel,2007,0.369,0.111,5.912,26.551,24.811,32.985,7.627,61201.095,74105.502,ISR
Israel,2006,0.375,0.115,5.924,26.353,26.424,34.899,8.183,57479.31,70485.191,ISR
Israel,2005,0.383,0.123,6.172,26.953,24.151,39.839,7.3,54973.062,67735.006,ISR
Israel,2004,0.372,0.113,6.117,26.611,24.621,39.306,8.638,52840.523,63897.377,ISR
Israel,2003,0.364,0.109,5.664,25.776,21.521,31.006,7.156,51002.385,61643.946,ISR
Israel,2002,0.358,0.107,5.382,24.579,19.807,31.354,7.806,49770.539,59778.098,ISR
Israel,2001,0.35,0.102,5.012,23.556,16.687,32.873,8.415,52116.249,62914.875,ISR
Israel,1997,0.337,0.093,4.865,21.928,12.234,26.24,7.211,41343.937,49020.668,ISR
Israel,1992,0.305,0.075,4.116,18.063,10.776,28.93,4.952,24553.763,28804.534,ISR
Israel,1986,0.31,0.077,4.306,19.452,11.934,27.834,5.055,7990.0,9307.427,ISR
Israel,1979,0.304,0.075,4.028,18.933,,,,10.257,11.888,ISR
Italy,2016,0.339,0.104,4.742,21.05,19.595,37.104,10.474,14978.351,17170.0,ITA
Italy,2014,0.331,0.099,4.622,20.948,18.664,54.267,10.529,14540.681,16518.658,ITA
Italy,2010,0.323,0.09,4.342,19.239,17.463,35.837,8.415,15005.176,17176.068,ITA
Italy,2008,0.326,0.091,4.192,19.64,17.519,32.93,7.275,15011.282,17329.061,ITA
Italy,2004,0.332,0.095,4.287,19.772,17.366,30.687,6.657,13151.704,15489.212,ITA
Italy,2000,0.334,0.097,4.484,20.112,16.291,24.774,5.32,11780.064,13735.939,ITA
Italy,1998,0.348,0.107,4.793,21.455,19.143,32.256,6.124,11101.007,12985.382,ITA
Italy,1995,0.34,0.099,4.684,21.302,18.992,33.07,5.152,9745.168,11341.102,ITA
Italy,1993,0.342,0.1,4.703,22.01,18.527,46.349,6.172,9131.23,10694.973,ITA
Italy,1991,0.292,0.07,3.777,19.199,13.78,22.596,5.078,9032.912,10140.888,ITA
Italy,1989,0.304,0.076,3.926,17.475,10.847,12.248,4.334,7707.701,8969.192,ITA
Italy,1987,0.334,0.093,4.542,19.262,13.348,26.197,4.03,6141.16,7345.148,ITA
Italy,1986,0.307,0.078,4.044,17.415,10.632,20.474,3.939,5543.197,6427.178,ITA
Japan,2013,0.316,0.087,3.902,17.904,5.444,17.54,8.884,2742344.685,3158993.159,JPN
Japan,2010,0.308,0.08,3.961,17.066,5.935,29.471,8.907,2863140.281,3340619.541,JPN
Japan,2008,0.328,0.091,4.63,21.176,8.057,41.706,10.752,2649905.326,3052504.735,JPN
Lithuania,2018,0.359,0.107,5.375,22.761,8.378,34.556,20.016,8534.319,10356.049,LTU
Lithuania,2017,0.371,0.115,5.55,23.738,9.773,39.159,21.989,7707.062,9445.979,LTU
Lithuania,2016,0.375,0.117,5.754,23.969,9.357,42.392,21.054,6972.729,8514.281,LTU
Lithuania,2015,0.369,0.113,5.47,23.389,14.576,31.547,20.977,6459.431,7975.527,LTU
Lithuania,2014,0.378,0.12,5.286,22.595,14.599,34.324,19.299,5935.006,7483.678,LTU
Lithuania,2013,0.35,0.1,4.838,20.415,9.306,32.159,18.755,5505.068,6817.249,LTU
Lithuania,2012,0.346,0.098,4.722,20.553,14.519,29.783,22.088,5270.1,6399.833,LTU
Lithuania,2011,0.321,0.084,4.467,19.215,10.94,26.253,18.812,4981.926,5861.072,LTU
Lithuania,2010,0.327,0.09,4.568,19.286,11.328,26.759,20.356,4412.98,5179.845,LTU
Lithuania,2009,0.362,0.112,5.287,20.675,15.379,30.966,19.829,4689.27,5736.502,LTU
Luxembourg,2019,0.296,0.073,3.746,16.447,8.561,39.7,18.377,43129.914,49716.264,LUX
Luxembourg,2018,0.308,0.082,3.798,15.961,11.038,38.419,10.894,43308.22,49880.061,LUX
Luxembourg,2017,0.295,0.075,3.699,15.014,7.489,42.192,10.321,40640.24,46015.853,LUX
Luxembourg,2016,0.285,0.07,3.53,15.356,7.579,36.143,8.26,42638.633,48381.74,LUX
Luxembourg,2015,0.284,0.07,3.509,15.816,9.909,39.796,9.671,39872.207,44145.511,LUX
Luxembourg,2013,0.283,0.067,3.544,16.439,8.334,46.991,11.342,38502.698,43245.848,LUX
Luxembourg,2010,0.271,0.061,3.387,13.542,7.597,42.289,9.203,36379.603,41082.061,LUX
Luxembourg,2007,0.277,0.063,3.317,14.452,6.535,48.17,9.104,34635.056,39293.069,LUX
Luxembourg,2004,0.27,0.06,3.503,13.772,11.888,28.801,7.684,32397.793,36451.045,LUX
Luxembourg,2000,0.262,0.055,3.26,12.336,7.555,29.08,6.749,25875.627,29431.538,LUX
Luxembourg,1997,0.261,0.055,3.257,13.183,8.015,29.773,7.618,23044.166,25924.808,LUX
Luxembourg,1994,0.235,0.044,2.914,10.419,2.456,25.644,7.193,22180.246,24164.902,LUX
Luxembourg,1991,0.239,0.046,2.968,12.192,1.818,53.771,6.133,18972.96,20692.491,LUX
Luxembourg,1985,0.236,0.045,2.942,10.903,3.454,15.854,6.594,11779.299,12855.882,LUX
Mali,2020,0.365,0.109,5.444,19.778,13.894,30.352,4.673,555842.618,697548.159,MLI
Mali,2019,0.368,0.113,5.378,21.274,14.496,32.476,4.248,590437.136,731737.332,MLI
Mali,2018,0.339,0.095,4.78,21.224,12.987,35.478,5.601,709533.753,836972.175,MLI
Mali,2017,0.336,0.094,4.874,21.221,14.321,34.632,5.768,588850.972,691600.011,MLI
Mali,2016,0.352,0.103,5.059,20.69,13.712,35.215,4.627,524655.387,641124.808,MLI
Mali,2015,0.347,0.101,5.132,21.853,15.671,32.14,4.984,548597.532,657408.923,MLI
Mali,2014,0.353,0.104,5.03,21.681,14.33,33.385,5.603,470843.282,564129.948,MLI
Mali,2013,,,,,,,,,,MLI
Mali,2011,,,,,,,,,,MLI
Mexico,2018,0.426,0.153,6.576,23.186,19.972,21.994,18.682,69426.779,95336.052,MEX
Mexico,2016,0.434,0.158,6.88,23.859,20.826,20.36,18.058,60737.685,84645.403,MEX
Mexico,2014,0.461,0.18,7.549,24.058,20.831,22.218,17.28,48612.447,71708.997,MEX
Mexico,2012,0.467,0.182,8.384,25.472,24.564,21.614,17.195,47919.511,70446.716,MEX
Mexico,2010,0.456,0.175,8.37,25.462,24.2,21.309,16.038,43767.562,62840.112,MEX
Mexico,2008,0.476,0.19,9.181,26.759,25.09,24.038,16.665,44058.351,65416.845,MEX
Mexico,2006,0.456,0.174,7.29,24.484,21.07,21.335,18.2,40921.348,59677.265,MEX
Mexico,2005,0.468,0.185,8.14,25.48,23.483,23.879,16.626,35546.506,52652.852,MEX
Mexico,2004,0.47,0.184,8.458,25.554,21.929,25.237,16.877,31134.888,46368.642,MEX
Mexico,2002,0.475,0.185,9.108,26.59,24.268,24.926,13.617,26903.875,40406.507,MEX
Mexico,2000,0.5,0.206,10.102,27.974,26.722,24.443,12.098,23094.011,36479.967,MEX
Mexico,1998,0.505,0.213,10.524,28.16,27.797,26.936,11.735,15242.047,24103.633,MEX
Mexico,1996,0.487,0.197,8.571,26.329,24.216,22.508,10.595,10169.035,15802.505,MEX
Mexico,1994,0.504,0.211,9.608,26.797,24.98,25.669,9.834,7300.0,11793.609,MEX
Mexico,1992,0.499,0.209,8.831,25.426,22.928,22.26,8.052,6132.785,9828.185,MEX
Mexico,1989,0.469,0.185,7.888,25.427,22.168,21.822,9.589,3285.144,4862.587,MEX
Mexico,1984,0.434,0.154,7.432,25.199,20.696,24.438,9.168,180.171,251.884,MEX
Netherlands,2018,0.271,0.064,3.195,13.829,5.384,23.759,9.971,26996.704,30032.439,NLD
Netherlands,2017,0.276,0.068,3.232,14.35,5.849,21.709,10.095,26460.558,29507.187,NLD
Netherlands,2016,0.273,0.065,3.252,14.159,5.361,29.71,10.909,26039.605,28972.706,NLD
Netherlands,2015,0.272,0.065,3.211,14.222,5.251,24.198,11.62,25134.125,27990.777,NLD
Netherlands,2013,0.264,0.061,3.098,12.361,2.951,18.726,11.563,22995.283,25675.202,NLD
Netherlands,2010,0.257,0.057,3.033,11.106,2.925,32.506,11.468,22244.484,24955.603,NLD
Netherlands,2007,0.276,0.068,3.109,11.554,3.408,20.408,10.61,21471.609,24603.245,NLD
Netherlands,2004,0.267,0.065,3.016,11.774,7.693,22.833,9.3,18671.843,20908.0,NLD
Netherlands,1999,0.232,0.046,2.792,11.104,3.137,37.88,9.028,16551.155,17794.21,NLD
Netherlands,1993,0.261,0.063,3.185,14.015,6.204,26.923,7.543,12488.721,13509.711,NLD
Netherlands,1990,0.271,0.069,3.043,12.479,5.824,35.082,8.562,12105.659,13428.813,NLD
Netherlands,1987,0.236,0.049,2.762,8.429,2.099,1.753,7.836,9828.279,10728.338,NLD
Netherlands,1983,0.255,0.058,2.933,10.598,,,,8991.632,9883.833,NLD
Norway,2020,0.262,0.065,3.146,14.668,4.393,26.188,13.935,432556.734,468085.702,NOR
Norway,2019,0.26,0.063,3.13,14.443,4.499,26.558,14.133,424218.777,458075.278,NOR
Norway,2016,0.26,0.063,3.105,14.154,4.707,22.945,14.067,385523.91,417369.13,NOR
Norway,2013,0.252,0.059,3.037,13.777,4.027,22.18,13.814,359341.301,385971.108,NOR
Norway,2010,0.247,0.057,2.931,13.046,3.047,16.89,13.082,317779.883,339589.202,NOR
Norway,2007,0.246,0.056,2.934,13.13,3.077,17.619,13.171,280874.0,300326.142,NOR
Norway,2004,0.261,0.065,2.868,12.81,3.266,15.09,14.701,233083.692,255918.827,NOR
Norway,2000,0.256,0.064,2.81,12.35,1.992,12.057,14.636,200661.396,219774.892,NOR
Norway,1995,0.241,0.054,2.857,13.35,2.194,13.779,15.218,152703.131,162250.997,NOR
Norway,1991,0.233,0.048,2.796,12.316,2.059,21.71,15.321,141394.739,150782.533,NOR
Norway,1986,0.235,0.047,2.944,12.854,1.976,23.779,10.669,104589.642,111729.856,NOR
Norway,1979,0.225,0.044,2.783,12.193,,,,43050.0,45479.266,NOR
"Palestinian Territory, Occupied",2017,0.426,0.151,8.364,29.434,24.657,42.783,3.594,18334.512,23764.735,PSE
Panama,2016,0.461,0.175,10.206,27.719,25.931,38.491,23.637,6030.369,8532.688,PAN
Panama,2013,0.468,0.18,10.087,29.072,28.11,37.333,22.864,4994.483,7068.401,PAN
Panama,2010,0.477,0.189,10.707,28.496,29.534,39.134,22.641,3753.879,5413.996,PAN
Panama,2007,0.483,0.192,11.855,29.895,30.552,38.716,21.652,3000.0,4380.181,PAN
Paraguay,2020,0.443,0.163,8.205,27.326,22.495,31.985,22.341,21400000.0,29200000.0,PRY
Paraguay,2019,0.457,0.176,8.63,28.206,23.586,37.464,22.374,24000000.0,33300000.0,PRY
Paraguay,2018,0.46,0.178,8.601,25.778,22.108,30.456,20.683,22700000.0,32600000.0,PRY
Paraguay,2017,0.479,0.198,8.219,27.205,22.409,33.062,21.167,20700000.0,30800000.0,PRY
Paraguay,2016,0.489,0.202,9.6,28.46,24.278,37.151,19.823,19600000.0,29100000.0,PRY
Paraguay,2015,0.484,0.198,9.989,28.417,25.939,31.312,19.971,19600000.0,29000000.0,PRY
Paraguay,2014,0.504,0.22,9.69,28.842,26.577,36.18,20.298,19300000.0,29300000.0,PRY
Paraguay,2013,0.479,0.193,9.358,27.64,24.67,33.691,19.984,18300000.0,26800000.0,PRY
Paraguay,2012,0.471,0.188,9.858,29.321,28.228,32.065,18.947,16700000.0,23300000.0,PRY
Paraguay,2011,0.521,0.234,11.396,28.613,26.951,30.39,18.203,14200000.0,22800000.0,PRY
Paraguay,2010,0.502,0.216,10.128,29.118,27.179,36.008,17.627,13200000.0,19800000.0,PRY
Paraguay,2009,0.487,0.205,10.153,29.484,25.651,31.913,19.943,11800000.0,17300000.0,PRY
Paraguay,2008,0.488,0.203,8.834,27.301,23.945,26.996,17.667,11000000.0,16900000.0,PRY
Paraguay,2007,0.504,0.219,10.306,27.182,25.065,30.782,19.894,9855925.952,15400000.0,PRY
Paraguay,2006,0.505,0.216,10.374,28.687,26.271,29.21,18.951,8469500.276,13000000.0,PRY
Paraguay,2005,0.503,0.217,9.975,26.989,23.144,30.938,18.367,8410348.064,13000000.0,PRY
Paraguay,2004,0.51,0.223,9.714,26.215,21.927,29.183,18.816,6856819.855,11100000.0,PRY
Paraguay,2003,0.539,0.248,11.568,28.202,26.343,28.981,16.707,6300434.07,10800000.0,PRY
Paraguay,2002,0.555,0.267,14.688,31.96,30.709,33.808,16.687,5099696.602,8646603.025,PRY
Paraguay,2000,0.539,0.248,13.587,30.343,31.043,23.553,16.362,5675078.832,9375584.685,PRY
Paraguay,1999,0.529,0.238,14.903,29.601,28.741,28.69,15.572,4971852.206,7997318.796,PRY
Paraguay,1997,0.54,0.246,16.984,32.714,32.77,30.72,14.849,4978068.586,8030016.634,PRY
Peru,2019,0.436,0.162,10.532,28.586,26.732,25.815,18.092,12892.288,16666.81,PER
Peru,2018,0.443,0.168,11.221,29.322,27.693,27.666,17.931,12344.599,16062.868,PER
Peru,2017,0.444,0.169,11.37,29.001,27.724,26.704,17.014,12096.662,15784.127,PER
Peru,2016,0.453,0.177,11.756,29.456,28.545,27.524,16.488,11926.48,15672.011,PER
Peru,2015,0.451,0.176,11.425,29.085,28.034,28.985,16.463,11159.878,14649.148,PER
Peru,2014,0.45,0.174,12.018,29.061,28.335,27.736,16.839,10866.892,14267.251,PER
Peru,2013,0.457,0.18,12.532,29.702,28.989,29.13,15.845,10430.966,13761.401,PER
Peru,2012,0.466,0.189,14.157,30.539,29.982,30.442,15.618,10069.589,13321.5,PER
Peru,2011,0.469,0.191,14.034,30.37,30.427,28.645,15.936,8887.202,11946.931,PER
Peru,2010,0.48,0.199,13.902,30.408,30.438,31.349,16.084,8361.754,11563.726,PER
Peru,2009,0.486,0.202,14.302,30.88,31.129,32.82,15.646,7740.956,10906.715,PER
Peru,2008,0.492,0.207,15.936,31.801,33.002,31.674,15.387,7135.208,10069.617,PER
Peru,2007,0.51,0.221,15.881,32.152,33.689,34.649,15.103,6226.344,9274.375,PER
Peru,2006,0.51,0.22,14.678,32.199,33.856,28.474,14.362,5498.252,8138.038,PER
Peru,2005,0.524,0.237,15.679,32.022,31.94,29.046,14.456,4431.537,6821.288,PER
Peru,2004,0.539,0.254,22.538,33.213,35.642,27.826,14.141,4589.58,7078.536,PER
Poland,2020,0.299,0.085,3.66,15.782,8.683,17.418,9.197,37358.204,41591.739,POL
Poland,2019,0.292,0.078,3.499,14.459,6.939,17.943,9.844,34876.575,39550.008,POL
Poland,2018,0.291,0.076,3.431,14.111,5.994,14.917,9.427,32327.338,36772.31,POL
Poland,2017,0.287,0.073,3.346,13.475,4.949,13.401,10.548,30180.797,34600.392,POL
Poland,2016,0.289,0.073,3.502,14.44,7.398,17.698,10.529,27730.034,31645.278,POL
Poland,2015,0.306,0.082,3.846,16.901,11.232,28.512,10.287,25524.735,29413.204,POL
Poland,2014,0.313,0.085,3.931,16.833,11.691,26.629,10.617,24620.98,28611.413,POL
Poland,2013,0.318,0.087,3.994,17.258,11.87,29.019,10.488,23574.0,27519.633,POL
Poland,2012,0.317,0.087,3.979,16.948,12.028,26.269,10.532,23044.431,26947.786,POL
Poland,2011,0.313,0.085,3.88,16.529,11.516,22.819,10.155,22231.437,26078.362,POL
Poland,2010,0.311,0.083,3.857,16.014,11.143,18.518,10.538,21450.855,25157.871,POL
Poland,2009,0.311,0.083,3.867,16.509,12.098,17.565,10.997,20264.837,23571.754,POL
Poland,2008,0.311,0.083,3.841,15.897,10.823,18.804,11.599,18899.982,22188.31,POL
Poland,2007,0.312,0.084,3.782,15.466,10.88,16.939,12.076,16473.333,19408.231,POL
Poland,2006,0.311,0.083,3.9,16.25,12.474,21.343,12.062,14784.806,17278.375,POL
Poland,2005,0.314,0.084,3.981,16.734,14.598,17.708,12.174,13444.144,15750.899,POL
Poland,2004,0.316,0.085,4.023,17.201,15.108,19.565,11.268,13060.843,15275.847,POL
Poland,1999,0.287,0.071,3.534,15.19,11.532,18.631,9.922,10741.426,12142.87,POL
Poland,1995,0.32,0.093,4.038,17.667,15.09,17.998,9.581,5270.656,6068.167,POL
Poland,1992,0.262,0.057,3.157,12.344,5.848,7.73,7.245,2923.42,3303.932,POL
Poland,1986,0.271,0.06,3.511,16.964,11.417,24.77,12.168,26.737,29.39,POL
Romania,1997,0.28,0.067,3.396,14.24,9.011,17.549,10.063,724.787,822.751,ROU
Romania,1995,0.28,0.067,3.425,14.949,9.551,21.55,9.297,224.657,253.193,ROU
Russia,2019,0.323,0.085,4.276,17.779,13.963,27.256,17.976,461623.363,554056.106,RUS
Russia,2018,0.321,0.082,4.323,18.396,14.771,25.7,16.479,440285.832,524177.119,RUS
Russia,2017,0.318,0.081,4.358,19.003,15.541,28.69,16.528,422519.548,495966.526,RUS
Russia,2016,0.332,0.089,4.62,20.169,17.757,27.417,17.365,414418.35,493093.992,RUS
Russia,2015,0.331,0.088,4.711,20.155,18.368,29.534,17.839,401420.18,477458.877,RUS
Russia,2014,0.34,0.094,4.823,20.097,16.895,28.448,17.926,371231.064,447707.831,RUS
Russia,2013,0.351,0.101,4.989,20.926,17.336,31.084,17.828,353125.614,429078.257,RUS
Russia,2011,0.364,0.107,5.393,20.967,17.602,27.358,19.396,262039.268,332609.32,RUS
Russia,2010,0.342,0.101,4.775,19.555,14.523,28.844,25.366,191637.445,228403.474,RUS
Russia,2007,0.348,0.102,5.469,23.546,14.327,29.429,27.075,116331.45,137476.395,RUS
Russia,2004,0.39,0.128,6.245,24.353,16.383,34.05,28.089,59398.158,74956.155,RUS
Russia,2000,0.427,0.159,6.854,23.885,17.442,34.017,14.541,19775.307,26876.987,RUS
Serbia,2016,0.328,0.095,4.899,21.517,14.947,22.944,12.584,403050.865,454685.126,SRB
Serbia,2013,0.348,0.11,5.109,22.188,18.941,18.544,11.04,335987.122,388180.207,SRB
Serbia,2010,0.329,0.095,5.107,21.031,20.036,19.361,12.193,283290.878,323303.569,SRB
Serbia,2006,0.351,0.109,5.8,23.398,20.454,27.477,11.52,185074.706,213108.917,SRB
Slovakia,2018,0.236,0.048,3.023,13.398,10.883,27.803,10.238,9442.024,9959.765,SVK
Slovakia,2017,0.219,0.041,2.805,12.792,9.82,23.441,11.353,9181.013,9519.169,SVK
Slovakia,2016,0.233,0.048,2.944,12.583,10.709,30.909,10.803,8640.957,9091.064,SVK
Slovakia,2015,0.25,0.055,3.053,12.884,13.44,27.326,9.304,8279.7,8884.836,SVK
Slovakia,2014,0.246,0.053,3.114,13.291,13.783,22.313,7.457,8183.152,8771.672,SVK
Slovakia,2013,0.271,0.065,3.338,14.161,14.08,19.527,7.98,8101.924,8976.759,SVK
Slovakia,2010,0.264,0.061,3.25,13.413,11.484,15.471,9.364,7589.26,8378.037,SVK
Slovakia,2007,0.248,0.052,3.047,12.788,8.605,13.0,8.722,6549.743,7106.38,SVK
Slovakia,2004,0.269,0.063,3.3,14.303,9.539,21.851,8.642,4534.17,5047.656,SVK
Slovakia,1996,0.25,0.056,3.035,12.863,9.144,20.051,9.16,2351.073,2541.759,SVK
Slovakia,1992,0.189,0.031,2.251,6.254,1.372,9.457,7.534,1465.512,1556.516,SVK
Slovenia,2015,0.263,0.057,3.446,16.235,,,,13871.266,15047.818,SVN
Slovenia,2012,0.271,0.062,3.51,15.918,9.843,21.838,8.033,13336.534,14572.054,SVN
Slovenia,2010,0.253,0.056,3.299,15.623,5.676,20.001,7.806,12897.654,13641.321,SVN
Slovenia,2007,0.23,0.044,2.978,13.183,5.429,20.491,7.747,11223.105,11880.932,SVN
Slovenia,2004,0.231,0.044,2.918,11.695,3.69,22.339,9.384,9470.777,10123.674,SVN
Slovenia,1999,0.232,0.045,2.911,13.197,4.669,22.847,6.614,6163.699,6514.939,SVN
Slovenia,1997,0.229,0.044,2.862,12.529,5.583,24.705,7.239,5342.726,5642.643,SVN
South Africa,2017,0.616,0.316,22.355,33.624,22.394,43.105,54.46,36600.0,80161.128,ZAF
South Africa,2015,0.623,0.329,21.442,32.99,18.166,45.181,54.729,29825.547,67319.135,ZAF
South Africa,2012,0.621,0.318,23.425,32.859,20.153,45.821,52.292,22735.929,52596.369,ZAF
South Africa,2010,0.664,0.383,26.059,33.678,20.866,46.452,48.926,17808.35,45487.943,ZAF
South Africa,2008,0.658,0.359,30.938,32.738,19.288,47.528,48.565,13393.872,36091.715,ZAF
"Korea, Republic of (South Korea)",2016,0.305,0.081,4.733,20.04,4.972,20.705,11.273,23500000.0,25500000.0,KOR
"Korea, Republic of (South Korea)",2014,0.302,0.08,4.69,19.849,5.674,18.869,9.161,22500000.0,24600000.0,KOR
"Korea, Republic of (South Korea)",2012,0.307,0.082,4.802,20.11,7.191,23.878,9.54,21300000.0,23200000.0,KOR
"Korea, Republic of (South Korea)",2010,0.31,0.084,4.794,20.517,7.202,25.326,10.367,18800000.0,20700000.0,KOR
"Korea, Republic of (South Korea)",2008,0.314,0.085,4.802,20.556,8.174,24.325,9.572,17400000.0,19400000.0,KOR
"Korea, Republic of (South Korea)",2006,0.306,0.08,4.509,20.38,8.201,27.425,10.682,16000000.0,17600000.0,KOR
Spain,2016,0.341,0.1,5.253,22.568,19.895,39.129,11.009,16062.403,18403.074,ESP
Spain,2013,0.345,0.101,5.376,22.754,21.258,42.106,10.801,14972.491,17407.098,ESP
Spain,2010,0.337,0.099,5.262,22.661,19.6,34.058,7.745,14194.16,16163.819,ESP
Spain,2007,0.307,0.08,4.347,20.443,15.715,39.521,5.9,15005.509,16756.997,ESP
Spain,2004,0.321,0.088,4.644,21.035,16.921,30.039,7.198,12277.556,13950.92,ESP
Spain,2000,0.337,0.094,4.687,20.824,14.546,32.758,6.853,11075.709,13075.311,ESP
Spain,1995,0.358,0.109,5.207,20.787,17.06,35.231,5.759,7675.487,9494.534,ESP
Spain,1990,0.302,0.076,3.94,17.053,10.274,25.069,4.433,5397.864,6247.628,ESP
Spain,1985,0.315,0.082,4.075,17.214,12.725,19.689,5.305,3056.25,3601.777,ESP
Spain,1980,0.319,0.084,4.371,19.471,,,,1803.036,2091.758,ESP
Sweden,2005,0.237,0.049,2.82,11.969,3.333,10.404,18.029,189485.049,203600.538,SWE
Sweden,2000,0.253,0.057,2.963,12.29,2.301,12.901,17.838,153216.234,167660.862,SWE
Sweden,1995,0.221,0.047,2.609,10.035,1.512,6.612,19.17,128523.122,135568.689,SWE
Sweden,1992,0.229,0.047,2.776,12.097,2.556,5.558,14.531,125200.818,132334.969,SWE
Sweden,1987,0.212,0.041,2.629,11.531,2.792,4.661,12.836,77498.903,79751.517,SWE
Sweden,1981,0.198,0.035,2.452,9.254,4.007,8.123,13.466,48300.0,50053.994,SWE
Sweden,1975,0.216,0.041,2.752,12.708,2.143,3.634,11.331,25894.18,26660.387,SWE
Sweden,1967,,,,,,,,,,SWE
Switzerland,2018,0.301,0.078,3.784,16.911,9.177,21.928,11.142,52865.644,60508.86,CHE
Switzerland,2017,0.301,0.078,3.695,15.968,9.184,38.015,10.793,52940.438,61450.128,CHE
Switzerland,2016,0.301,0.078,3.799,16.166,9.891,26.341,10.637,52799.304,60742.41,CHE
Switzerland,2015,0.297,0.076,3.598,15.325,8.084,23.977,9.475,52342.421,60361.626,CHE
Switzerland,2014,0.299,0.076,3.667,16.491,7.921,24.866,9.624,53447.848,61452.395,CHE
Switzerland,2013,0.296,0.074,3.569,14.776,6.427,21.864,9.879,52583.83,60907.274,CHE
Switzerland,2012,0.286,0.07,3.498,15.658,6.771,24.897,8.868,55201.293,62555.286,CHE
Switzerland,2011,0.289,0.07,3.68,16.273,9.178,26.059,8.898,54322.089,61254.397,CHE
Switzerland,2010,0.297,0.076,3.524,16.123,7.79,24.725,9.326,52394.548,60021.709,CHE
Switzerland,2009,0.297,0.076,3.614,15.634,7.834,31.723,8.453,51583.36,59278.872,CHE
Switzerland,2008,0.306,0.081,3.715,16.462,7.763,29.107,8.218,51085.109,59671.777,CHE
Switzerland,2007,0.308,0.082,3.723,16.331,8.301,27.282,8.606,49922.108,57925.42,CHE
Switzerland,2006,0.3,0.077,3.723,15.446,9.038,32.854,8.38,48411.109,55886.073,CHE
Switzerland,2004,0.267,0.062,3.275,14.812,8.546,18.232,8.764,45253.43,50042.617,CHE
Switzerland,2002,0.273,0.062,3.375,14.454,6.137,8.993,6.63,46336.765,51965.709,CHE
Switzerland,2000,0.281,0.069,3.342,13.854,7.696,21.588,6.353,42882.759,48990.809,CHE
Switzerland,1992,0.31,0.091,3.682,14.849,9.494,16.009,8.996,38950.894,44406.848,CHE
Switzerland,1982,0.316,0.091,3.426,13.799,2.275,24.426,6.906,28001.429,33216.221,CHE
Taiwan,2016,0.303,0.076,3.968,15.954,5.402,18.436,9.374,433625.01,506345.033,TWN
Taiwan,2013,0.308,0.079,4.128,16.825,6.068,25.21,9.549,404572.397,471428.115,TWN
Taiwan,2010,0.317,0.083,4.367,18.547,7.648,25.442,9.061,384234.323,448307.14,TWN
Taiwan,2007,0.307,0.076,4.159,16.547,6.109,26.347,8.219,405392.97,474603.679,TWN
Taiwan,2005,0.305,0.077,3.959,15.792,6.245,24.673,6.88,416740.272,490924.966,TWN
Taiwan,2000,0.289,0.068,3.683,15.02,5.973,22.048,5.208,423036.605,488238.39,TWN
Taiwan,1997,0.287,0.067,3.617,14.758,6.533,33.182,4.415,397225.83,458838.183,TWN
Taiwan,1995,0.292,0.072,3.614,14.881,5.719,35.304,4.269,369338.541,423753.7,TWN
Taiwan,1991,0.271,0.06,3.353,12.519,,,,276083.563,316664.504,TWN
Taiwan,1986,0.268,0.059,3.206,11.275,,,,150317.387,172556.669,TWN
Taiwan,1981,0.267,0.058,3.292,11.791,,,,109851.923,126348.219,TWN
United Kingdom,2020,0.305,0.078,3.815,15.523,6.424,16.53,19.343,22510.724,26245.645,GBR
United Kingdom,2019,0.311,0.081,4.05,17.744,9.525,26.128,20.112,22576.762,26298.054,GBR
United Kingdom,2018,0.317,0.083,4.062,16.619,7.937,21.742,19.997,21371.022,25480.096,GBR
United Kingdom,2017,0.31,0.08,3.964,17.113,7.969,25.533,20.012,20869.357,24419.508,GBR
United Kingdom,2016,0.311,0.081,3.911,16.463,8.01,20.979,20.393,20142.594,23731.859,GBR
United Kingdom,2015,0.315,0.083,3.881,16.125,7.186,19.458,21.506,19644.259,23370.337,GBR
United Kingdom,2014,0.313,0.082,3.902,16.172,7.116,18.721,20.905,19326.551,23004.183,GBR
United Kingdom,2013,0.303,0.075,3.81,15.434,6.671,14.592,21.069,18587.014,21889.364,GBR
United Kingdom,2012,0.312,0.082,3.854,15.723,6.761,15.823,21.234,18036.35,21464.2,GBR
United Kingdom,2011,0.313,0.081,3.858,15.786,6.464,15.479,21.093,17516.33,20968.984,GBR
United Kingdom,2010,0.319,0.085,3.96,16.522,7.132,16.604,21.467,17241.187,20620.378,GBR
United Kingdom,2009,0.331,0.094,4.088,16.994,8.593,19.921,21.233,16879.057,20585.417,GBR
United Kingdom,2008,0.33,0.092,4.161,17.617,8.053,27.378,21.381,16766.915,20261.934,GBR
United Kingdom,2007,0.327,0.088,4.231,18.57,8.922,28.78,21.348,16241.394,19431.134,GBR
United Kingdom,2006,0.339,0.099,4.248,18.366,8.439,30.38,21.759,15532.083,19000.009,GBR
United Kingdom,2005,0.334,0.096,4.108,17.604,7.905,29.374,21.871,14935.234,18202.202,GBR
United Kingdom,2004,0.327,0.09,4.084,17.216,7.097,29.345,21.294,14441.483,17492.694,GBR
United Kingdom,2003,0.328,0.091,4.132,18.401,8.234,32.772,20.663,13892.351,16698.102,GBR
United Kingdom,2002,0.333,0.095,4.233,19.036,8.465,34.489,21.533,13475.229,16220.147,GBR
United Kingdom,2001,0.351,0.107,4.415,19.834,8.227,41.768,19.538,13088.326,16235.312,GBR
United Kingdom,2000,0.362,0.116,4.472,20.299,8.643,44.895,18.684,12353.125,15551.845,GBR
United Kingdom,1999,0.348,0.103,4.442,21.323,10.025,49.943,18.734,11642.623,14202.653,GBR
United Kingdom,1998,0.344,0.1,4.453,21.346,10.748,49.297,17.956,11181.126,13635.317,GBR
United Kingdom,1997,0.337,0.095,4.358,20.792,10.158,48.072,16.894,10588.567,12788.425,GBR
United Kingdom,1996,0.334,0.093,4.318,20.979,10.526,47.972,16.837,10040.871,12089.157,GBR
United Kingdom,1995,0.337,0.094,4.362,20.537,10.471,37.626,16.384,9331.47,11347.549,GBR
United Kingdom,1994,0.341,0.097,4.343,20.264,10.97,32.547,18.958,9075.34,11112.294,GBR
United Kingdom,1991,0.34,0.098,4.669,22.768,12.973,45.047,15.987,7675.483,9095.882,GBR
United Kingdom,1986,0.304,0.08,3.802,17.616,10.298,19.755,13.213,5011.85,5722.593,GBR
United Kingdom,1979,0.267,0.059,3.481,16.834,5.932,22.912,9.877,2890.256,3182.296,GBR
United Kingdom,1974,0.268,0.06,3.406,15.395,5.345,39.4,7.997,1335.095,1482.954,GBR
United Kingdom,1969,0.268,0.059,3.232,12.385,,,,648.502,741.191,GBR
United States Of America,2020,0.374,0.118,5.612,23.126,11.156,42.047,20.088,45174.117,55548.972,USA
United States Of America,2019,0.391,0.13,6.053,24.669,12.873,46.715,19.364,42672.528,53580.094,USA
United States Of America,2018,0.389,0.129,5.993,24.486,12.936,45.202,19.549,39675.19,49359.857,USA
United States Of America,2017,0.384,0.125,5.889,24.524,13.835,43.869,20.227,36829.95,45677.425,USA
United States Of America,2016,0.383,0.125,5.878,24.191,12.813,45.338,20.957,35785.032,44151.689,USA
United States Of America,2015,0.381,0.124,5.736,22.883,11.914,40.471,21.353,33199.06,41615.262,USA
United States Of America,2014,0.384,0.126,5.868,23.468,11.729,41.495,21.086,32122.535,40218.707,USA
United States Of America,2013,0.379,0.122,5.704,23.965,11.712,43.028,21.119,31903.623,39439.757,USA
United States Of America,2012,0.381,0.124,5.757,24.193,12.604,43.466,21.653,31512.893,39074.555,USA
United States Of America,2011,0.381,0.124,5.711,23.845,11.994,42.776,22.24,30662.978,38128.28,USA
United States Of America,2010,0.37,0.117,5.615,23.666,12.756,42.594,21.502,30149.396,36596.955,USA
United States Of America,2009,0.376,0.123,5.406,22.985,12.071,40.686,21.078,30032.593,37019.123,USA
United States Of America,2008,0.38,0.126,5.695,24.258,14.048,47.068,21.243,29905.667,36685.917,USA
United States Of America,2007,0.381,0.127,5.78,24.474,13.77,48.353,21.191,29575.257,36069.002,USA
United States Of America,2006,0.389,0.135,5.78,23.847,12.565,48.156,20.985,28500.395,35525.985,USA
United States Of America,2005,0.384,0.129,5.677,23.833,13.087,47.109,20.947,27561.076,33967.501,USA
United States Of America,2004,0.374,0.124,5.57,24.021,12.961,46.374,21.256,26592.153,32168.268,USA
United States Of America,2003,0.379,0.126,5.738,24.414,14.292,48.214,20.993,25697.589,31394.452,USA
United States Of America,2002,0.373,0.122,5.445,24.265,14.869,47.89,20.651,24950.724,30188.064,USA
United States Of America,2001,0.374,0.125,5.305,23.888,14.037,46.576,20.744,24455.0,29635.557,USA
United States Of America,2000,0.37,0.121,5.269,23.489,13.694,47.476,20.081,23972.161,28937.047,USA
United States Of America,1999,0.367,0.118,5.317,23.837,14.245,49.998,20.323,23069.266,27702.007,USA
United States Of America,1998,0.367,0.119,5.331,24.036,14.015,50.969,21.765,22042.336,26392.365,USA
United States Of America,1997,0.372,0.122,5.348,23.753,13.558,51.031,21.599,20838.323,25333.082,USA
United States Of America,1996,0.368,0.119,5.3,23.784,13.515,50.822,21.65,19953.217,24094.004,USA
United States Of America,1995,0.365,0.116,5.243,23.584,13.018,50.181,21.937,19182.23,23127.429,USA
United States Of America,1994,0.369,0.118,5.48,23.808,13.878,53.495,21.726,18293.507,22186.308,USA
United States Of America,1993,0.373,0.121,5.673,24.387,14.451,54.915,23.548,17595.768,21324.024,USA
United States Of America,1992,0.351,0.103,5.489,24.334,14.629,55.378,22.832,17330.0,20183.536,USA
United States Of America,1991,0.345,0.1,5.371,23.884,14.51,55.975,22.827,16888.97,19545.813,USA
United States Of America,1990,0.345,0.1,5.358,23.65,14.269,56.667,21.694,16353.259,18995.44,USA
United States Of America,1989,0.347,0.101,5.38,24.046,15.273,56.199,21.204,16019.515,18532.813,USA
United States Of America,1988,0.344,0.099,5.408,24.231,14.616,58.446,21.199,15106.67,17373.062,USA
United States Of America,1987,0.339,0.097,5.424,24.319,15.228,59.714,21.217,14577.001,16553.692,USA
United States Of America,1986,0.347,0.102,5.709,24.33,15.777,61.241,20.688,13518.02,15544.346,USA
United States Of America,1985,0.346,0.102,5.564,24.048,16.043,58.44,20.227,12814.802,14771.684,USA
United States Of America,1984,0.344,0.1,5.581,24.105,16.644,59.196,20.154,12264.292,14046.614,USA
United States Of America,1983,0.342,0.099,5.535,24.226,16.705,58.672,19.707,11365.0,12974.023,USA
United States Of America,1982,0.335,0.096,5.288,23.622,15.553,58.238,19.468,10787.476,12219.127,USA
United States Of America,1981,0.322,0.088,4.886,22.787,13.788,52.645,19.817,10173.893,11347.129,USA
United States Of America,1980,0.314,0.085,4.715,22.222,12.981,52.228,18.75,9504.51,10516.171,USA
United States Of America,1979,0.317,0.086,4.69,21.789,11.92,52.222,18.713,8820.492,9823.237,USA
United States Of America,1974,0.317,0.088,4.867,20.916,,,,5789.215,6398.766,USA
Uruguay,2019,0.367,0.109,5.181,20.827,15.199,33.868,21.933,332726.915,424423.91,URY
Uruguay,2018,0.367,0.109,5.14,20.602,15.801,32.942,22.106,311769.145,398661.851,URY
Uruguay,2017,0.366,0.109,5.129,20.892,15.779,35.397,22.611,299054.826,378474.491,URY
Uruguay,2016,0.365,0.108,5.167,20.913,16.271,33.687,21.797,270000.0,341516.181,URY
Uruguay,2015,0.369,0.11,5.382,21.557,17.312,38.537,22.147,247901.051,313600.021,URY
Uruguay,2014,0.367,0.109,5.286,20.87,16.479,38.038,22.049,224400.0,285042.834,URY
Uruguay,2013,0.374,0.113,5.397,21.33,17.074,39.617,21.766,196679.508,252245.454,URY
Uruguay,2012,0.358,0.102,5.303,21.342,17.022,35.88,22.275,179229.477,224159.217,URY
Uruguay,2011,0.384,0.121,5.476,21.254,16.303,34.493,21.647,158004.026,208047.383,URY
Uruguay,2010,0.408,0.136,5.949,21.649,18.189,34.782,21.382,129932.252,179328.664,URY
Uruguay,2009,0.421,0.146,6.375,22.765,19.784,36.929,21.068,119303.135,166981.428,URY
Uruguay,2008,0.428,0.15,6.675,22.962,19.765,39.128,21.999,102748.708,146045.901,URY
Uruguay,2007,0.43,0.151,6.51,22.722,18.588,33.958,21.074,85611.571,123658.728,URY
Uruguay,2006,0.431,0.151,6.604,22.937,19.313,32.657,19.829,76210.236,109192.076,URY
Uruguay,2005,0.424,0.146,6.888,23.562,23.809,34.751,21.997,67871.188,94236.676,URY
Uruguay,2004,0.435,0.155,6.965,23.893,24.245,33.348,18.815,61509.157,87961.905,URY
Vietnam,2013,0.35,0.1,4.941,21.461,16.48,20.07,12.817,54700000.0,66300000.0,VNM
Vietnam,2011,0.364,0.11,4.856,20.41,14.862,22.17,11.822,44300000.0,55700000.0,VNM
Vietnam,2009,0.398,0.133,5.383,20.165,13.908,22.24,10.518,29100000.0,39300000.0,VNM
Vietnam,2007,0.401,0.136,5.124,18.72,12.312,20.059,12.247,20500000.0,28200000.0,VNM
Vietnam,2005,0.369,0.113,4.739,17.502,11.535,16.765,11.938,14500000.0,19100000.0,VNM
